Designator,Mid X,Mid Y,New_Angel,Rotation,Comment,ValueOld
A1,500.00mm,500.00mm,90,-90,un_use,A1
A2,461.62mm,440.32mm,NA,-90,A2,A2
A3,453.50mm,502.62mm,NA,-90,A3,A3
A4,553.34mm,500.00mm,90,-90,un_use,A1
A5,514.96mm,440.32mm,NA,-90,A2,A2
A6,506.84mm,502.62mm,NA,-90,A3,A3
A7,606.68mm,500.00mm,90,-90,un_use,A1
A8,568.30mm,440.32mm,NA,-90,A2,A2
A9,560.18mm,502.62mm,NA,-90,A3,A3
A10,500.00mm,568.58mm,90,-90,un_use,A1
A11,461.62mm,508.90mm,NA,-90,A2,A2
A12,453.50mm,571.20mm,NA,-90,A3,A3
A13,553.34mm,568.58mm,90,-90,un_use,A1
A14,514.96mm,508.90mm,NA,-90,A2,A2
A15,506.84mm,571.20mm,NA,-90,A3,A3
A16,606.68mm,568.58mm,90,-90,un_use,A1
A17,568.30mm,508.90mm,NA,-90,A2,A2
A18,560.18mm,571.20mm,NA,-90,A3,A3
A19,500.00mm,637.16mm,90,-90,un_use,A1
A20,461.62mm,577.48mm,NA,-90,A2,A2
A21,453.50mm,639.78mm,NA,-90,A3,A3
A22,553.34mm,637.16mm,90,-90,un_use,A1
A23,514.96mm,577.48mm,NA,-90,A2,A2
A24,506.84mm,639.78mm,NA,-90,A3,A3
A25,606.68mm,637.16mm,90,-90,un_use,A1
A26,568.30mm,577.48mm,NA,-90,A2,A2
A27,560.18mm,639.78mm,NA,-90,A3,A3
A28,500.00mm,705.74mm,90,-90,un_use,A1
A29,461.62mm,646.06mm,NA,-90,A2,A2
A30,453.50mm,708.36mm,NA,-90,A3,A3
A31,553.34mm,705.74mm,90,-90,un_use,A1
A32,514.96mm,646.06mm,NA,-90,A2,A2
A33,506.84mm,708.36mm,NA,-90,A3,A3
A34,606.68mm,705.74mm,90,-90,un_use,A1
A35,568.30mm,646.06mm,NA,-90,A2,A2
A36,560.18mm,708.36mm,NA,-90,A3,A3
C1,478.66mm,493.65mm,NA,90,100nF,100nF
C2,489.97mm,493.65mm,NA,90,100nF,100nF
C3,471.81mm,479.04mm,NA,180,1uF,1uF
C4,492.76mm,483.36mm,NA,90,100nF,100nF
C5,494.79mm,494.92mm,NA,90,100nF,100nF
C6,459.36mm,462.92mm,NA,90,100nF,100nF
C7,487.43mm,493.65mm,NA,90,100nF,100nF
C8,546.10mm,483.36mm,NA,90,100nF,100nF
C9,474.22mm,493.65mm,NA,90,100nF,100nF
C10,532.00mm,493.65mm,NA,90,100nF,100nF
C11,548.13mm,494.92mm,NA,90,100nF,100nF
C12,512.70mm,462.92mm,NA,90,100nF,100nF
C13,525.15mm,479.04mm,NA,180,1uF,1uF
C14,527.56mm,493.65mm,NA,90,100nF,100nF
C15,543.31mm,493.65mm,NA,90,100nF,100nF
C16,540.77mm,493.65mm,NA,90,100nF,100nF
C17,599.44mm,483.36mm,NA,90,100nF,100nF
C18,585.34mm,493.65mm,NA,90,100nF,100nF
C19,601.47mm,494.92mm,NA,90,100nF,100nF
C20,566.04mm,462.92mm,NA,90,100nF,100nF
C21,578.49mm,479.04mm,NA,180,1uF,1uF
C22,580.90mm,493.65mm,NA,90,100nF,100nF
C23,596.65mm,493.65mm,NA,90,100nF,100nF
C24,594.11mm,493.65mm,NA,90,100nF,100nF
C25,492.76mm,551.94mm,NA,90,100nF,100nF
C26,478.66mm,562.23mm,NA,90,100nF,100nF
C27,494.79mm,563.50mm,NA,90,100nF,100nF
C28,459.36mm,531.50mm,NA,90,100nF,100nF
C29,471.81mm,547.62mm,NA,180,1uF,1uF
C30,474.22mm,562.23mm,NA,90,100nF,100nF
C31,489.97mm,562.23mm,NA,90,100nF,100nF
C32,487.43mm,562.23mm,NA,90,100nF,100nF
C33,546.10mm,551.94mm,NA,90,100nF,100nF
C34,532.00mm,562.23mm,NA,90,100nF,100nF
C35,548.13mm,563.50mm,NA,90,100nF,100nF
C36,512.70mm,531.50mm,NA,90,100nF,100nF
C37,525.15mm,547.62mm,NA,180,1uF,1uF
C38,527.56mm,562.23mm,NA,90,100nF,100nF
C39,543.31mm,562.23mm,NA,90,100nF,100nF
C40,540.77mm,562.23mm,NA,90,100nF,100nF
C41,599.44mm,551.94mm,NA,90,100nF,100nF
C42,585.34mm,562.23mm,NA,90,100nF,100nF
C43,601.47mm,563.50mm,NA,90,100nF,100nF
C44,566.04mm,531.50mm,NA,90,100nF,100nF
C45,578.49mm,547.62mm,NA,180,1uF,1uF
C46,580.90mm,562.23mm,NA,90,100nF,100nF
C47,596.65mm,562.23mm,NA,90,100nF,100nF
C48,594.11mm,562.23mm,NA,90,100nF,100nF
C49,492.76mm,620.52mm,NA,90,100nF,100nF
C50,478.66mm,630.81mm,NA,90,100nF,100nF
C51,494.79mm,632.08mm,NA,90,100nF,100nF
C52,459.36mm,600.08mm,NA,90,100nF,100nF
C53,471.81mm,616.20mm,NA,180,1uF,1uF
C54,474.22mm,630.81mm,NA,90,100nF,100nF
C55,489.97mm,630.81mm,NA,90,100nF,100nF
C56,487.43mm,630.81mm,NA,90,100nF,100nF
C57,546.10mm,620.52mm,NA,90,100nF,100nF
C58,532.00mm,630.81mm,NA,90,100nF,100nF
C59,548.13mm,632.08mm,NA,90,100nF,100nF
C60,512.70mm,600.08mm,NA,90,100nF,100nF
C61,525.15mm,616.20mm,NA,180,1uF,1uF
C62,527.56mm,630.81mm,NA,90,100nF,100nF
C63,543.31mm,630.81mm,NA,90,100nF,100nF
C64,540.77mm,630.81mm,NA,90,100nF,100nF
C65,599.44mm,620.52mm,NA,90,100nF,100nF
C66,585.34mm,630.81mm,NA,90,100nF,100nF
C67,601.47mm,632.08mm,NA,90,100nF,100nF
C68,566.04mm,600.08mm,NA,90,100nF,100nF
C69,578.49mm,616.20mm,NA,180,1uF,1uF
C70,580.90mm,630.81mm,NA,90,100nF,100nF
C71,596.65mm,630.81mm,NA,90,100nF,100nF
C72,594.11mm,630.81mm,NA,90,100nF,100nF
C73,492.76mm,689.10mm,NA,90,100nF,100nF
C74,478.66mm,699.39mm,NA,90,100nF,100nF
C75,494.79mm,700.66mm,NA,90,100nF,100nF
C76,459.36mm,668.66mm,NA,90,100nF,100nF
C77,471.81mm,684.78mm,NA,180,1uF,1uF
C78,474.22mm,699.39mm,NA,90,100nF,100nF
C79,489.97mm,699.39mm,NA,90,100nF,100nF
C80,487.43mm,699.39mm,NA,90,100nF,100nF
C81,546.10mm,689.10mm,NA,90,100nF,100nF
C82,532.00mm,699.39mm,NA,90,100nF,100nF
C83,548.13mm,700.66mm,NA,90,100nF,100nF
C84,512.70mm,668.66mm,NA,90,100nF,100nF
C85,525.15mm,684.78mm,NA,180,1uF,1uF
C86,527.56mm,699.39mm,NA,90,100nF,100nF
C87,543.31mm,699.39mm,NA,90,100nF,100nF
C88,540.77mm,699.39mm,NA,90,100nF,100nF
C89,599.44mm,689.10mm,NA,90,100nF,100nF
C90,585.34mm,699.39mm,NA,90,100nF,100nF
C91,601.47mm,700.66mm,NA,90,100nF,100nF
C92,566.04mm,668.66mm,NA,90,100nF,100nF
C93,578.49mm,684.78mm,NA,180,1uF,1uF
C94,580.90mm,699.39mm,NA,90,100nF,100nF
C95,596.65mm,699.39mm,NA,90,100nF,100nF
C96,594.11mm,699.39mm,NA,90,100nF,100nF
D1,452.88mm,484.76mm,NA,90,SS24,SS24
D2,465.52mm,485.59mm,NA,-90,SS24,SS24
D3,478.16mm,448.63mm,NA,90,BAT54_A,BAT54_A
D4,478.16mm,453.96mm,NA,-90,BAT54_A,BAT54_A
D5,506.22mm,484.76mm,NA,90,SS24,SS24
D6,518.86mm,485.59mm,NA,-90,SS24,SS24
D7,531.50mm,448.63mm,NA,90,BAT54_A,BAT54_A
D8,531.50mm,453.96mm,NA,-90,BAT54_A,BAT54_A
D9,559.56mm,484.76mm,NA,90,SS24,SS24
D10,572.20mm,485.59mm,NA,-90,SS24,SS24
D11,584.84mm,448.63mm,NA,90,BAT54_A,BAT54_A
D12,584.84mm,453.96mm,NA,-90,BAT54_A,BAT54_A
D13,452.88mm,553.34mm,NA,90,SS24,SS24
D14,465.52mm,554.17mm,NA,-90,SS24,SS24
D15,478.16mm,517.21mm,NA,90,BAT54_A,BAT54_A
D16,478.16mm,522.54mm,NA,-90,BAT54_A,BAT54_A
D17,506.22mm,553.34mm,NA,90,SS24,SS24
D18,518.86mm,554.17mm,NA,-90,SS24,SS24
D19,531.50mm,517.21mm,NA,90,BAT54_A,BAT54_A
D20,531.50mm,522.54mm,NA,-90,BAT54_A,BAT54_A
D21,559.56mm,553.34mm,NA,90,SS24,SS24
D22,572.20mm,554.17mm,NA,-90,SS24,SS24
D23,584.84mm,517.21mm,NA,90,BAT54_A,BAT54_A
D24,584.84mm,522.54mm,NA,-90,BAT54_A,BAT54_A
D25,452.88mm,621.92mm,NA,90,SS24,SS24
D26,465.52mm,622.75mm,NA,-90,SS24,SS24
D27,478.16mm,585.79mm,NA,90,BAT54_A,BAT54_A
D28,478.16mm,591.12mm,NA,-90,BAT54_A,BAT54_A
D29,506.22mm,621.92mm,NA,90,SS24,SS24
D30,518.86mm,622.75mm,NA,-90,SS24,SS24
D31,531.50mm,585.79mm,NA,90,BAT54_A,BAT54_A
D32,531.50mm,591.12mm,NA,-90,BAT54_A,BAT54_A
D33,559.56mm,621.92mm,NA,90,SS24,SS24
D34,572.20mm,622.75mm,NA,-90,SS24,SS24
D35,584.84mm,585.79mm,NA,90,BAT54_A,BAT54_A
D36,584.84mm,591.12mm,NA,-90,BAT54_A,BAT54_A
D37,452.88mm,690.50mm,NA,90,SS24,SS24
D38,465.52mm,691.33mm,NA,-90,SS24,SS24
D39,478.16mm,654.37mm,NA,90,BAT54_A,BAT54_A
D40,478.16mm,659.70mm,NA,-90,BAT54_A,BAT54_A
D41,506.22mm,690.50mm,NA,90,SS24,SS24
D42,518.86mm,691.33mm,NA,-90,SS24,SS24
D43,531.50mm,654.37mm,NA,90,BAT54_A,BAT54_A
D44,531.50mm,659.70mm,NA,-90,BAT54_A,BAT54_A
D45,559.56mm,690.50mm,NA,90,SS24,SS24
D46,572.20mm,691.33mm,NA,-90,SS24,SS24
D47,584.84mm,654.37mm,NA,90,BAT54_A,BAT54_A
D48,584.84mm,659.70mm,NA,-90,BAT54_A,BAT54_A
F1,476.12mm,502.29mm,NA,0,500mA,500mA
F2,529.46mm,502.29mm,NA,0,500mA,500mA
F3,582.80mm,502.29mm,NA,0,500mA,500mA
F4,476.12mm,570.87mm,NA,0,500mA,500mA
F5,529.46mm,570.87mm,NA,0,500mA,500mA
F6,582.80mm,570.87mm,NA,0,500mA,500mA
F7,476.12mm,639.45mm,NA,0,500mA,500mA
F8,529.46mm,639.45mm,NA,0,500mA,500mA
F9,582.80mm,639.45mm,NA,0,500mA,500mA
F10,476.12mm,708.03mm,NA,0,500mA,500mA
F11,529.46mm,708.03mm,NA,0,500mA,500mA
F12,582.80mm,708.03mm,NA,0,500mA,500mA
IC1,492.51mm,488.32mm,NA,-90,CP2102,CP2102
IC2,471.74mm,484.89mm,NA,180,AMS1117-3V,AMS1117-3V
IC3,545.85mm,488.32mm,NA,-90,CP2102,CP2102
IC4,525.08mm,484.89mm,NA,180,AMS1117-3V,AMS1117-3V
IC5,599.19mm,488.32mm,NA,-90,CP2102,CP2102
IC6,578.42mm,484.89mm,NA,180,AMS1117-3V,AMS1117-3V
IC7,492.51mm,556.90mm,NA,-90,CP2102,CP2102
IC8,471.74mm,553.47mm,NA,180,AMS1117-3V,AMS1117-3V
IC9,545.85mm,556.90mm,NA,-90,CP2102,CP2102
IC10,525.08mm,553.47mm,NA,180,AMS1117-3V,AMS1117-3V
IC11,599.19mm,556.90mm,NA,-90,CP2102,CP2102
IC12,578.42mm,553.47mm,NA,180,AMS1117-3V,AMS1117-3V
IC13,492.51mm,625.48mm,NA,-90,CP2102,CP2102
IC14,471.74mm,622.05mm,NA,180,AMS1117-3V,AMS1117-3V
IC15,545.85mm,625.48mm,NA,-90,CP2102,CP2102
IC16,525.08mm,622.05mm,NA,180,AMS1117-3V,AMS1117-3V
IC17,599.19mm,625.48mm,NA,-90,CP2102,CP2102
IC18,578.42mm,622.05mm,NA,180,AMS1117-3V,AMS1117-3V
IC19,492.51mm,694.06mm,NA,-90,CP2102,CP2102
IC20,471.74mm,690.63mm,NA,180,AMS1117-3V,AMS1117-3V
IC21,545.85mm,694.06mm,NA,-90,CP2102,CP2102
IC22,525.08mm,690.63mm,NA,180,AMS1117-3V,AMS1117-3V
IC23,599.19mm,694.06mm,NA,-90,CP2102,CP2102
IC24,578.42mm,690.63mm,NA,180,AMS1117-3V,AMS1117-3V
L,492.76mm,478.54mm,NA,180,YELLOW,YELLOW
L1,546.10mm,478.54mm,NA,180,YELLOW,YELLOW
L2,469.29mm,493.14mm,NA,90,4.7uH,4.7uH
L3,522.63mm,493.14mm,NA,90,4.7uH,4.7uH
L4,599.44mm,478.54mm,NA,180,YELLOW,YELLOW
L5,575.97mm,493.14mm,NA,90,4.7uH,4.7uH
L6,492.76mm,547.12mm,NA,180,YELLOW,YELLOW
L7,469.29mm,561.72mm,NA,90,4.7uH,4.7uH
L8,546.10mm,547.12mm,NA,180,YELLOW,YELLOW
L9,522.63mm,561.72mm,NA,90,4.7uH,4.7uH
L10,599.44mm,547.12mm,NA,180,YELLOW,YELLOW
L11,575.97mm,561.72mm,NA,90,4.7uH,4.7uH
L12,492.76mm,615.70mm,NA,180,YELLOW,YELLOW
L13,469.29mm,630.30mm,NA,90,4.7uH,4.7uH
L14,546.10mm,615.70mm,NA,180,YELLOW,YELLOW
L15,522.63mm,630.30mm,NA,90,4.7uH,4.7uH
L16,599.44mm,615.70mm,NA,180,YELLOW,YELLOW
L17,575.97mm,630.30mm,NA,90,4.7uH,4.7uH
L18,492.76mm,684.28mm,NA,180,YELLOW,YELLOW
L19,469.29mm,698.88mm,NA,90,4.7uH,4.7uH
L20,546.10mm,684.28mm,NA,180,YELLOW,YELLOW
L21,522.63mm,698.88mm,NA,90,4.7uH,4.7uH
L22,599.44mm,684.28mm,NA,180,YELLOW,YELLOW
L23,575.97mm,698.88mm,NA,90,4.7uH,4.7uH
ON,488.00mm,447.93mm,90,180,LED_R_0603,GREEN
ON1,541.34mm,447.93mm,90,180,LED_R_0603,GREEN
ON2,594.68mm,447.93mm,90,180,LED_R_0603,GREEN
ON3,488.00mm,516.51mm,90,180,LED_R_0603,GREEN
ON4,541.34mm,516.51mm,-180,-90,LED_R_0603,GREEN
ON5,594.68mm,516.51mm,90,180,LED_R_0603,GREEN
ON6,488.00mm,585.09mm,90,180,LED_R_0603,GREEN
ON7,541.34mm,585.09mm,90,180,LED_R_0603,GREEN
ON8,594.68mm,585.09mm,90,180,LED_R_0603,GREEN
ON9,488.00mm,653.67mm,90,180,LED_R_0603,GREEN
ON10,541.34mm,653.67mm,90,180,LED_R_0603,GREEN
ON11,594.68mm,653.67mm,90,180,LED_R_0603,GREEN
PC1,459.23mm,480.82mm,NA,0,100uF,100uF
PC2,512.57mm,487.94mm,NA,0,47uF,47uF
PC3,459.23mm,487.94mm,NA,0,47uF,47uF
PC4,512.57mm,480.82mm,NA,0,100uF,100uF
PC5,565.91mm,487.94mm,NA,0,47uF,47uF
PC6,565.91mm,480.82mm,NA,0,100uF,100uF
PC7,459.23mm,556.51mm,NA,0,47uF,47uF
PC8,459.23mm,549.40mm,NA,0,100uF,100uF
PC9,512.57mm,556.51mm,NA,0,47uF,47uF
PC10,512.57mm,549.40mm,NA,0,100uF,100uF
PC11,565.91mm,556.51mm,NA,0,47uF,47uF
PC12,565.91mm,549.40mm,NA,0,100uF,100uF
PC13,459.23mm,625.10mm,NA,0,47uF,47uF
PC14,459.23mm,617.98mm,NA,0,100uF,100uF
PC15,512.57mm,625.10mm,NA,0,47uF,47uF
PC16,512.57mm,617.98mm,NA,0,100uF,100uF
PC17,565.91mm,625.10mm,NA,0,47uF,47uF
PC18,565.91mm,617.98mm,NA,0,100uF,100uF
PC19,459.23mm,693.67mm,NA,0,47uF,47uF
PC20,459.23mm,686.56mm,NA,0,100uF,100uF
PC21,512.57mm,693.67mm,NA,0,47uF,47uF
PC22,512.57mm,686.56mm,NA,0,100uF,100uF
PC23,565.91mm,693.67mm,NA,0,47uF,47uF
PC24,565.91mm,686.56mm,NA,0,100uF,100uF
R1,526.16mm,465.07mm,NA,90,1M,1M
R2,472.82mm,465.07mm,NA,90,1M,1M
R3,543.82mm,483.36mm,NA,90,10k,10k
R4,540.77mm,489.84mm,NA,-90,10k,10k
R5,534.92mm,448.50mm,NA,-90,300R,300R
R6,490.48mm,483.36mm,NA,90,10k,10k
R7,487.43mm,489.84mm,NA,-90,10k,10k
R8,476.50mm,493.65mm,NA,90,1k,1k
R9,481.58mm,448.50mm,NA,-90,300R,300R
R10,485.01mm,485.78mm,NA,-90,1k,1k
R11,487.43mm,485.78mm,NA,-90,1k,1k
R12,480.70mm,478.66mm,NA,-90,10k,10k
R13,486.28mm,447.93mm,NA,-90,1k,1k
R14,478.03mm,478.66mm,NA,90,1k,1k
R15,480.95mm,493.65mm,NA,90,4.7K,4.7K
R16,483.24mm,493.65mm,NA,-90,10k,10k
R17,538.35mm,485.78mm,NA,-90,1k,1k
R18,540.77mm,485.78mm,NA,-90,1k,1k
R19,534.04mm,478.66mm,NA,-90,10k,10k
R20,539.62mm,447.93mm,NA,-90,1k,1k
R21,531.37mm,478.66mm,NA,90,1k,1k
R22,534.29mm,493.65mm,NA,90,4.7K,4.7K
R23,536.58mm,493.65mm,NA,-90,10k,10k
R24,529.85mm,493.65mm,NA,90,1k,1k
R25,579.50mm,465.07mm,NA,90,1M,1M
R26,597.15mm,483.36mm,NA,90,10k,10k
R27,594.11mm,489.84mm,NA,-90,10k,10k
R28,588.26mm,448.50mm,NA,-90,300R,300R
R29,591.69mm,485.78mm,NA,-90,1k,1k
R30,594.11mm,485.78mm,NA,-90,1k,1k
R31,587.38mm,478.66mm,NA,-90,10k,10k
R32,592.96mm,447.93mm,NA,-90,1k,1k
R33,584.71mm,478.66mm,NA,90,1k,1k
R34,587.63mm,493.65mm,NA,90,4.7K,4.7K
R35,589.92mm,493.65mm,NA,-90,10k,10k
R36,583.18mm,493.65mm,NA,90,1k,1k
R37,472.82mm,533.65mm,NA,90,1M,1M
R38,490.48mm,551.94mm,NA,90,10k,10k
R39,487.43mm,558.42mm,NA,-90,10k,10k
R40,481.58mm,517.08mm,NA,-90,300R,300R
R41,485.01mm,554.36mm,NA,-90,1k,1k
R42,487.43mm,554.36mm,NA,-90,1k,1k
R43,480.70mm,547.24mm,NA,-90,10k,10k
R44,486.28mm,516.51mm,NA,-90,1k,1k
R45,478.03mm,547.24mm,NA,90,1k,1k
R46,480.95mm,562.23mm,NA,90,4.7K,4.7K
R47,483.24mm,562.23mm,NA,-90,10k,10k
R48,476.50mm,562.23mm,NA,90,1k,1k
R49,526.16mm,533.65mm,NA,90,1M,1M
R50,543.82mm,551.94mm,NA,90,10k,10k
R51,540.77mm,558.42mm,NA,-90,10k,10k
R52,534.92mm,517.08mm,NA,-90,300R,300R
R53,538.35mm,554.36mm,NA,-90,1k,1k
R54,540.77mm,554.36mm,NA,-90,1k,1k
R55,534.04mm,547.24mm,NA,-90,10k,10k
R56,539.62mm,516.51mm,NA,-90,1k,1k
R57,531.37mm,547.24mm,NA,90,1k,1k
R58,534.29mm,562.23mm,NA,90,4.7K,4.7K
R59,536.58mm,562.23mm,NA,-90,10k,10k
R60,529.85mm,562.23mm,NA,90,1k,1k
R61,579.50mm,533.65mm,NA,90,1M,1M
R62,597.15mm,551.94mm,NA,90,10k,10k
R63,594.11mm,558.42mm,NA,-90,10k,10k
R64,588.26mm,517.08mm,NA,-90,300R,300R
R65,591.69mm,554.36mm,NA,-90,1k,1k
R66,594.11mm,554.36mm,NA,-90,1k,1k
R67,587.38mm,547.24mm,NA,-90,10k,10k
R68,592.96mm,516.51mm,NA,-90,1k,1k
R69,584.71mm,547.24mm,NA,90,1k,1k
R70,587.63mm,562.23mm,NA,90,4.7K,4.7K
R71,589.92mm,562.23mm,NA,-90,10k,10k
R72,583.18mm,562.23mm,NA,90,1k,1k
R73,472.82mm,602.24mm,NA,90,1M,1M
R74,490.48mm,620.52mm,NA,90,10k,10k
R75,487.43mm,627.00mm,NA,-90,10k,10k
R76,481.58mm,585.66mm,NA,-90,300R,300R
R77,485.01mm,622.94mm,NA,-90,1k,1k
R78,487.43mm,622.94mm,NA,-90,1k,1k
R79,480.70mm,615.82mm,NA,-90,10k,10k
R80,486.28mm,585.09mm,NA,-90,1k,1k
R81,478.03mm,615.82mm,NA,90,1k,1k
R82,480.95mm,630.81mm,NA,90,4.7K,4.7K
R83,483.24mm,630.81mm,NA,-90,10k,10k
R84,476.50mm,630.81mm,NA,90,1k,1k
R85,526.16mm,602.24mm,NA,90,1M,1M
R86,543.82mm,620.52mm,NA,90,10k,10k
R87,540.77mm,627.00mm,NA,-90,10k,10k
R88,534.92mm,585.66mm,NA,-90,300R,300R
R89,538.35mm,622.94mm,NA,-90,1k,1k
R90,540.77mm,622.94mm,NA,-90,1k,1k
R91,534.04mm,615.82mm,NA,-90,10k,10k
R92,539.62mm,585.09mm,NA,-90,1k,1k
R93,531.37mm,615.82mm,NA,90,1k,1k
R94,534.29mm,630.81mm,NA,90,4.7K,4.7K
R95,536.58mm,630.81mm,NA,-90,10k,10k
R96,529.85mm,630.81mm,NA,90,1k,1k
R97,579.50mm,602.24mm,NA,90,1M,1M
R98,597.15mm,620.52mm,NA,90,10k,10k
R99,594.11mm,627.00mm,NA,-90,10k,10k
R100,588.26mm,585.66mm,NA,-90,300R,300R
R101,591.69mm,622.94mm,NA,-90,1k,1k
R102,594.11mm,622.94mm,NA,-90,1k,1k
R103,587.38mm,615.82mm,NA,-90,10k,10k
R104,592.96mm,585.09mm,NA,-90,1k,1k
R105,584.71mm,615.82mm,NA,90,1k,1k
R106,587.63mm,630.81mm,NA,90,4.7K,4.7K
R107,589.92mm,630.81mm,NA,-90,10k,10k
R108,583.18mm,630.81mm,NA,90,1k,1k
R109,472.82mm,670.82mm,NA,90,1M,1M
R110,490.48mm,689.10mm,NA,90,10k,10k
R111,487.43mm,695.58mm,NA,-90,10k,10k
R112,481.58mm,654.24mm,NA,-90,300R,300R
R113,485.01mm,691.52mm,NA,-90,1k,1k
R114,487.43mm,691.52mm,NA,-90,1k,1k
R115,480.70mm,684.40mm,NA,-90,10k,10k
R116,486.28mm,653.67mm,NA,-90,1k,1k
R117,478.03mm,684.40mm,NA,90,1k,1k
R118,480.95mm,699.39mm,NA,90,4.7K,4.7K
R119,483.24mm,699.39mm,NA,-90,10k,10k
R120,476.50mm,699.39mm,NA,90,1k,1k
R121,526.16mm,670.82mm,NA,90,1M,1M
R122,543.82mm,689.10mm,NA,90,10k,10k
R123,540.77mm,695.58mm,NA,-90,10k,10k
R124,534.92mm,654.24mm,NA,-90,300R,300R
R125,538.35mm,691.52mm,NA,-90,1k,1k
R126,540.77mm,691.52mm,NA,-90,1k,1k
R127,534.04mm,684.40mm,NA,-90,10k,10k
R128,539.62mm,653.67mm,NA,-90,1k,1k
R129,531.37mm,684.40mm,NA,90,1k,1k
R130,534.29mm,699.39mm,NA,90,4.7K,4.7K
R131,536.58mm,699.39mm,NA,-90,10k,10k
R132,529.85mm,699.39mm,NA,90,1k,1k
R133,579.50mm,670.82mm,NA,90,1M,1M
R134,597.15mm,689.10mm,NA,90,10k,10k
R135,594.11mm,695.58mm,NA,-90,10k,10k
R136,588.26mm,654.24mm,NA,-90,300R,300R
R137,591.69mm,691.52mm,NA,-90,1k,1k
R138,594.11mm,691.52mm,NA,-90,1k,1k
R139,587.38mm,684.40mm,NA,-90,10k,10k
R140,592.96mm,653.67mm,NA,-90,1k,1k
R141,584.71mm,684.40mm,NA,90,1k,1k
R142,587.63mm,699.39mm,NA,90,4.7K,4.7K
R143,589.92mm,699.39mm,NA,-90,10k,10k
R144,583.18mm,699.39mm,NA,90,1k,1k
RESET,499.49mm,500.00mm,NA,-90,MAKER_SPACE_HNAOAB_BUTTON_44*1.5,MAKER_SPACE_HNAOAB_BUTTON_44*1.5
RESET1,552.83mm,500.00mm,NA,-90,MAKER_SPACE_HNAOAB_BUTTON_44*1.5,MAKER_SPACE_HNAOAB_BUTTON_44*1.5
RESET2,606.17mm,500.00mm,NA,-90,MAKER_SPACE_HNAOAB_BUTTON_44*1.5,MAKER_SPACE_HNAOAB_BUTTON_44*1.5
RESET3,499.49mm,568.58mm,NA,-90,MAKER_SPACE_HNAOAB_BUTTON_44*1.5,MAKER_SPACE_HNAOAB_BUTTON_44*1.5
RESET4,552.83mm,568.58mm,NA,-90,MAKER_SPACE_HNAOAB_BUTTON_44*1.5,MAKER_SPACE_HNAOAB_BUTTON_44*1.5
RESET5,606.17mm,568.58mm,NA,-90,MAKER_SPACE_HNAOAB_BUTTON_44*1.5,MAKER_SPACE_HNAOAB_BUTTON_44*1.5
RESET6,499.49mm,637.16mm,NA,-90,MAKER_SPACE_HNAOAB_BUTTON_44*1.5,MAKER_SPACE_HNAOAB_BUTTON_44*1.5
RESET7,552.83mm,637.16mm,NA,-90,MAKER_SPACE_HNAOAB_BUTTON_44*1.5,MAKER_SPACE_HNAOAB_BUTTON_44*1.5
RESET8,606.17mm,637.16mm,NA,-90,MAKER_SPACE_HNAOAB_BUTTON_44*1.5,MAKER_SPACE_HNAOAB_BUTTON_44*1.5
RESET9,499.49mm,705.74mm,NA,-90,MAKER_SPACE_HNAOAB_BUTTON_44*1.5,MAKER_SPACE_HNAOAB_BUTTON_44*1.5
RESET10,552.83mm,705.74mm,NA,-90,MAKER_SPACE_HNAOAB_BUTTON_44*1.5,MAKER_SPACE_HNAOAB_BUTTON_44*1.5
RESET11,606.17mm,705.74mm,NA,-90,MAKER_SPACE_HNAOAB_BUTTON_44*1.5,MAKER_SPACE_HNAOAB_BUTTON_44*1.5
RX,482.86mm,478.54mm,NA,180,YELLOW,YELLOW
RX1,536.20mm,478.54mm,NA,180,YELLOW,YELLOW
RX2,589.53mm,478.54mm,NA,180,YELLOW,YELLOW
RX3,482.86mm,547.12mm,NA,180,YELLOW,YELLOW
RX4,536.20mm,547.12mm,NA,180,YELLOW,YELLOW
RX5,589.53mm,547.12mm,NA,180,YELLOW,YELLOW
RX6,482.86mm,615.70mm,NA,180,YELLOW,YELLOW
RX7,536.20mm,615.70mm,NA,180,YELLOW,YELLOW
RX8,589.53mm,615.70mm,NA,180,YELLOW,YELLOW
RX9,482.86mm,684.28mm,NA,180,YELLOW,YELLOW
RX10,536.20mm,684.28mm,NA,180,YELLOW,YELLOW
RX11,589.53mm,684.28mm,NA,180,YELLOW,YELLOW
T1,477.27mm,498.48mm,NA,180,FDN340P,FDN340P
T2,530.61mm,498.48mm,NA,180,FDN340P,FDN340P
T3,583.95mm,498.48mm,NA,180,FDN340P,FDN340P
T4,477.27mm,567.06mm,NA,180,FDN340P,FDN340P
T5,530.61mm,567.06mm,NA,180,FDN340P,FDN340P
T6,583.95mm,567.06mm,NA,180,FDN340P,FDN340P
T7,477.27mm,635.64mm,NA,180,FDN340P,FDN340P
T8,530.61mm,635.64mm,NA,180,FDN340P,FDN340P
T9,583.95mm,635.64mm,NA,180,FDN340P,FDN340P
T10,477.27mm,704.22mm,NA,180,FDN340P,FDN340P
T11,530.61mm,704.22mm,NA,180,FDN340P,FDN340P
T12,583.95mm,704.22mm,NA,180,FDN340P,FDN340P
TX,485.14mm,478.54mm,NA,180,YELLOW,YELLOW
TX1,538.48mm,478.54mm,NA,180,YELLOW,YELLOW
TX2,591.82mm,478.54mm,NA,180,YELLOW,YELLOW
TX3,485.14mm,547.12mm,NA,180,YELLOW,YELLOW
TX4,538.48mm,547.12mm,NA,180,YELLOW,YELLOW
TX5,591.82mm,547.12mm,NA,180,YELLOW,YELLOW
TX6,485.14mm,615.70mm,NA,180,YELLOW,YELLOW
TX7,538.48mm,615.70mm,NA,180,YELLOW,YELLOW
TX8,591.82mm,615.70mm,NA,180,YELLOW,YELLOW
TX9,485.14mm,684.28mm,NA,180,YELLOW,YELLOW
TX10,538.48mm,684.28mm,NA,180,YELLOW,YELLOW
TX11,591.82mm,684.28mm,NA,180,YELLOW,YELLOW
U$2,487.43mm,504.95mm,NA,180,VIETDUINO_USB_MICRO,VIETDUINO_USB_MICRO
U$4,540.77mm,504.95mm,NA,180,VIETDUINO_USB_MICRO,VIETDUINO_USB_MICRO
U$6,594.11mm,504.95mm,NA,180,VIETDUINO_USB_MICRO,VIETDUINO_USB_MICRO
U$8,487.43mm,573.53mm,NA,180,VIETDUINO_USB_MICRO,VIETDUINO_USB_MICRO
U$10,540.77mm,573.53mm,NA,180,VIETDUINO_USB_MICRO,VIETDUINO_USB_MICRO
U$12,594.11mm,573.53mm,NA,180,VIETDUINO_USB_MICRO,VIETDUINO_USB_MICRO
U$14,487.43mm,642.11mm,NA,180,VIETDUINO_USB_MICRO,VIETDUINO_USB_MICRO
U$16,540.77mm,642.11mm,NA,180,VIETDUINO_USB_MICRO,VIETDUINO_USB_MICRO
U$18,594.11mm,642.11mm,NA,180,VIETDUINO_USB_MICRO,VIETDUINO_USB_MICRO
U$20,487.43mm,710.69mm,NA,180,VIETDUINO_USB_MICRO,VIETDUINO_USB_MICRO
U$22,540.77mm,710.69mm,NA,180,VIETDUINO_USB_MICRO,VIETDUINO_USB_MICRO
U$24,594.11mm,710.69mm,NA,180,VIETDUINO_USB_MICRO,VIETDUINO_USB_MICRO
U1,533.91mm,486.54mm,NA,180,LMV358IDGKR,LMV358IDGKR
U2,521.84mm,501.02mm,NA,0,XL1509,XL1509
U3,468.50mm,501.02mm,NA,0,XL1509,XL1509
U4,587.25mm,486.54mm,NA,180,LMV358IDGKR,LMV358IDGKR
U5,480.57mm,486.54mm,NA,180,LMV358IDGKR,LMV358IDGKR
U6,575.18mm,501.02mm,NA,0,XL1509,XL1509
U7,480.57mm,555.12mm,NA,180,LMV358IDGKR,LMV358IDGKR
U8,468.50mm,569.60mm,NA,0,XL1509,XL1509
U9,533.91mm,555.12mm,NA,180,LMV358IDGKR,LMV358IDGKR
U10,521.84mm,569.60mm,NA,0,XL1509,XL1509
U11,587.25mm,555.12mm,NA,180,LMV358IDGKR,LMV358IDGKR
U12,575.18mm,569.60mm,NA,0,XL1509,XL1509
U13,480.57mm,623.70mm,NA,180,LMV358IDGKR,LMV358IDGKR
U14,468.50mm,638.18mm,NA,0,XL1509,XL1509
U15,533.91mm,623.70mm,NA,180,LMV358IDGKR,LMV358IDGKR
U16,521.84mm,638.18mm,NA,0,XL1509,XL1509
U17,587.25mm,623.70mm,NA,180,LMV358IDGKR,LMV358IDGKR
U18,575.18mm,638.18mm,NA,0,XL1509,XL1509
U19,480.57mm,692.28mm,NA,180,LMV358IDGKR,LMV358IDGKR
U20,468.50mm,706.76mm,NA,0,XL1509,XL1509
U21,533.91mm,692.28mm,NA,180,LMV358IDGKR,LMV358IDGKR
U22,521.84mm,706.76mm,NA,0,XL1509,XL1509
U23,587.25mm,692.28mm,NA,180,LMV358IDGKR,LMV358IDGKR
U24,575.18mm,706.76mm,NA,0,XL1509,XL1509
Y1,528.32mm,465.07mm,NA,-90,CSTCE16M0V53-R0 16MHZ,CSTCE16M0V53-R0 16MHZ
Y2,474.98mm,465.07mm,NA,-90,CSTCE16M0V53-R0 16MHZ,CSTCE16M0V53-R0 16MHZ
Y3,581.66mm,465.07mm,NA,-90,CSTCE16M0V53-R0 16MHZ,CSTCE16M0V53-R0 16MHZ
Y4,474.98mm,533.65mm,NA,-90,CSTCE16M0V53-R0 16MHZ,CSTCE16M0V53-R0 16MHZ
Y5,528.32mm,533.65mm,NA,-90,CSTCE16M0V53-R0 16MHZ,CSTCE16M0V53-R0 16MHZ
Y6,581.66mm,533.65mm,NA,-90,CSTCE16M0V53-R0 16MHZ,CSTCE16M0V53-R0 16MHZ
Y7,474.98mm,602.24mm,NA,-90,CSTCE16M0V53-R0 16MHZ,CSTCE16M0V53-R0 16MHZ
Y8,528.32mm,602.24mm,NA,-90,CSTCE16M0V53-R0 16MHZ,CSTCE16M0V53-R0 16MHZ
Y9,581.66mm,602.24mm,NA,-90,CSTCE16M0V53-R0 16MHZ,CSTCE16M0V53-R0 16MHZ
Y10,474.98mm,670.82mm,NA,-90,CSTCE16M0V53-R0 16MHZ,CSTCE16M0V53-R0 16MHZ
Y11,528.32mm,670.82mm,NA,-90,CSTCE16M0V53-R0 16MHZ,CSTCE16M0V53-R0 16MHZ
Y12,581.66mm,670.82mm,NA,-90,CSTCE16M0V53-R0 16MHZ,CSTCE16M0V53-R0 16MHZ
